{
  "dataset_info": {
    "shape": [
      284807,
      31
    ],
    "fraud_rate": 0.001727485630620034,
    "total_fraud_cases": 492
  },
  "model_results": {
    "Logistic Regression": {
      "type": "ML",
      "auc_score": 0.9639036727829088,
      "precision": 0.8253968253968254,
      "recall": 0.5252525252525253,
      "f1_score": 0.6419753086419753
    },
    "Random Forest": {
      "type": "ML",
      "auc_score": 0.9221473657134808,
      "precision": 0.9240506329113924,
      "recall": 0.7373737373737373,
      "f1_score": 0.8202247191011236
    },
    "XGBoost": {
      "type": "ML",
      "auc_score": 0.5178492982513172,
      "precision": 0.011764705882352941,
      "recall": 0.010101010101010102,
      "f1_score": 0.010869565217391304
    },
    "LightGBM": {
      "type": "ML",
      "auc_score": 0.6213276745081258,
      "precision": 0.0634648370497427,
      "recall": 0.37373737373737376,
      "f1_score": 0.10850439882697947
    },
    "Gradient Boosting": {
      "type": "ML",
      "auc_score": 0.7826592605974629,
      "precision": 0.8615384615384616,
      "recall": 0.5656565656565656,
      "f1_score": 0.6829268292682927
    },
    "Extra Trees": {
      "type": "ML",
      "auc_score": 0.9371813735547623,
      "precision": 0.9459459459459459,
      "recall": 0.7070707070707071,
      "f1_score": 0.8092485549132948
    },
    "SVM": {
      "type": "ML",
      "auc_score": 0.9452216980134959,
      "precision": 0.9375,
      "recall": 0.6060606060606061,
      "f1_score": 0.7361963190184049
    },
    "KNN": {
      "type": "ML",
      "auc_score": 0.888736386960188,
      "precision": 0.9054054054054054,
      "recall": 0.6767676767676768,
      "f1_score": 0.7745664739884393
    },
    "Decision Tree": {
      "type": "ML",
      "auc_score": 0.8482034704358535,
      "precision": 0.6831683168316832,
      "recall": 0.696969696969697,
      "f1_score": 0.69
    },
    "Naive Bayes": {
      "type": "ML",
      "auc_score": 0.9531475350021681,
      "precision": 0.058823529411764705,
      "recall": 0.7878787878787878,
      "f1_score": 0.10947368421052632
    },
    "TabNet": {
      "type": "DL",
      "auc_score": 0.9527439422450238,
      "precision": 0.8461538461538461,
      "recall": 0.5555555555555556,
      "f1_score": 0.6707317073170732
    },
    "FT-Transformer": {
      "type": "DL",
      "auc_score": 0.977131460925844,
      "precision": 0.8064516129032258,
      "recall": 0.7575757575757576,
      "f1_score": 0.78125
    }
  }
}